case,total_rows,resident_rows,columns,width,height,operation,samples,p50_ms,p95_ms,max_ms,record_and_order_bytes
owned,250,250,9,132,34,render_selected,100,0.147252,0.247093,0.502999,14000
owned,250,250,9,132,34,update_unsorted_selected,100,0.000020,0.000030,0.000040,14000
owned,250,250,9,132,34,frame_100_flashing_rows,100,0.156606,0.226462,0.291750,14000
owned,250,250,9,132,34,sort_latency_ascending,3,0.008112,0.013440,0.013440,14000
owned,250,250,9,132,34,sort_workload_ascending,3,0.029174,0.034623,0.034623,14000
owned,250,250,9,132,34,sorted_selected_unchanged_key,100,0.000030,0.000031,0.000040,14000
owned,250,250,9,132,34,sorted_selected_cross_dataset,30,0.000070,0.000130,0.000220,14000
owned,250,250,9,132,34,sorted_unselected_unchanged_key,60,0.000100,0.000101,0.000121,14000
owned,250,250,9,132,34,sorted_50_small_updates_and_render,30,0.158820,0.243507,0.468487,14000
owned,250,250,9,132,34,sorted_50_cross_dataset_and_render,30,0.165169,0.271009,0.274764,14000
owned,100000,100000,9,132,34,render_selected,100,0.148234,0.222266,0.347144,5600000
owned,100000,100000,9,132,34,update_unsorted_selected,100,0.000020,0.000030,0.000040,5600000
owned,100000,100000,9,132,34,frame_100_flashing_rows,100,0.155435,0.283047,0.680116,5600000
owned,100000,100000,9,132,34,sort_latency_ascending,3,9.799876,11.238025,11.238025,5600000
owned,100000,100000,9,132,34,sort_workload_ascending,3,25.461124,27.011053,27.011053,5600000
owned,100000,100000,9,132,34,sorted_selected_unchanged_key,100,0.000030,0.000031,0.000120,5600000
owned,100000,100000,9,132,34,sorted_selected_cross_dataset,30,0.008473,0.009224,0.023575,5600000
owned,100000,100000,9,132,34,sorted_unselected_unchanged_key,60,0.027161,0.027562,0.096946,5600000
owned,100000,100000,9,132,34,sorted_50_small_updates_and_render,30,1.368584,1.599664,1.671943,5600000
owned,100000,100000,9,132,34,sorted_50_cross_dataset_and_render,30,1.960067,2.247471,2.275172,5600000
owned,1000000,1000000,9,132,34,render_selected,100,0.148213,0.210948,0.373985,56000000
owned,1000000,1000000,9,132,34,update_unsorted_selected,100,0.000020,0.000030,0.000040,56000000
owned,1000000,1000000,9,132,34,frame_100_flashing_rows,100,0.155795,0.193522,0.418762,56000000
owned,1000000,1000000,9,132,34,sort_latency_ascending,3,189.362450,199.843730,199.843730,56000000
owned,1000000,1000000,9,132,34,sort_workload_ascending,3,376.237502,382.386389,382.386389,56000000
owned,1000000,1000000,9,132,34,sorted_selected_unchanged_key,100,0.000030,0.000030,0.000060,56000000
owned,1000000,1000000,9,132,34,sorted_selected_cross_dataset,30,0.088674,0.131528,0.211749,56000000
owned,1000000,1000000,9,132,34,sorted_unselected_unchanged_key,60,0.277779,0.408035,0.540025,56000000
owned,1000000,1000000,9,132,34,sorted_50_small_updates_and_render,30,13.546568,14.900601,15.893169,56000000
owned,1000000,1000000,9,132,34,sorted_50_cross_dataset_and_render,30,19.514222,21.517725,26.162102,56000000
owned,2000000,2000000,9,132,34,render_selected,100,0.148665,0.258720,0.409638,112000000
owned,2000000,2000000,9,132,34,update_unsorted_selected,100,0.000020,0.000030,0.000040,112000000
owned,2000000,2000000,9,132,34,frame_100_flashing_rows,100,0.157408,0.228976,0.335446,112000000
owned,2000000,2000000,9,132,34,sort_latency_ascending,3,807.690961,831.544116,831.544116,112000000
owned,2000000,2000000,9,132,34,sort_workload_ascending,3,701.433193,709.257401,709.257401,112000000
owned,2000000,2000000,9,132,34,sorted_selected_unchanged_key,100,0.000030,0.000030,0.000060,112000000
owned,2000000,2000000,9,132,34,sorted_selected_cross_dataset,30,0.201144,0.244479,0.544352,112000000
owned,2000000,2000000,9,132,34,sorted_unselected_unchanged_key,60,0.560676,0.638884,0.730382,112000000
owned,2000000,2000000,9,132,34,sorted_50_small_updates_and_render,30,26.134701,27.350435,28.350153,112000000
owned,2000000,2000000,9,132,34,sorted_50_cross_dataset_and_render,30,38.591004,41.057245,41.287132,112000000
owned,10000000,10000000,9,132,34,render_selected,100,0.148934,0.163887,0.211740,560000000
owned,10000000,10000000,9,132,34,update_unsorted_selected,100,0.000020,0.000030,0.000040,560000000
owned,10000000,10000000,9,132,34,frame_100_flashing_rows,100,0.156235,0.186321,0.224919,560000000
owned,10000000,10000000,9,132,34,sort_latency_ascending,3,4877.898911,4958.430755,4958.430755,560000000
owned,10000000,10000000,9,132,34,sort_workload_ascending,3,4045.286060,4057.073904,4057.073904,560000000
owned,10000000,10000000,9,132,34,sorted_selected_unchanged_key,100,0.000030,0.000030,0.000060,560000000
owned,10000000,10000000,9,132,34,sorted_selected_cross_dataset,30,2.694666,3.076912,3.580382,560000000
owned,10000000,10000000,9,132,34,sorted_unselected_unchanged_key,60,3.040167,3.352398,3.413050,560000000
owned,10000000,10000000,9,132,34,sorted_50_small_updates_and_render,30,211.644923,226.464403,227.428804,560000000
owned,10000000,10000000,9,132,34,sorted_50_cross_dataset_and_render,30,277.336574,285.845600,290.603501,560000000
unicode,128,128,9,132,34,render_selected,100,0.142034,0.158269,0.195325,7168
unicode,128,128,9,132,34,update_unsorted_selected,100,0.000020,0.000030,0.000040,7168
unicode,128,128,9,132,34,frame_100_flashing_rows,100,0.150177,0.165400,0.180342,7168
unicode,128,128,9,132,34,sort_latency_ascending,3,0.004026,0.007211,0.007211,7168
unicode,128,128,9,132,34,sort_workload_ascending,3,0.020451,0.024296,0.024296,7168
unicode,128,128,9,132,34,sorted_selected_unchanged_key,100,0.000030,0.000031,0.000040,7168
unicode,128,128,9,132,34,sorted_selected_cross_dataset,30,0.000060,0.000151,0.000180,7168
unicode,128,128,9,132,34,sorted_unselected_unchanged_key,60,0.000060,0.000070,0.000130,7168
unicode,128,128,9,132,34,sorted_50_small_updates_and_render,30,0.152821,0.396838,0.399973,7168
unicode,128,128,9,132,34,sorted_50_cross_dataset_and_render,30,0.158730,0.176546,0.251269,7168
wide,2000000,2000000,128,132,34,render_selected,100,0.151308,0.168214,0.241104,112000000
wide,2000000,2000000,128,132,34,update_unsorted_selected,100,0.000020,0.000030,0.000050,112000000
wide,2000000,2000000,128,132,34,frame_100_flashing_rows,100,0.158509,0.173522,0.175955,112000000
wide,2000000,2000000,128,132,34,sort_latency_ascending,3,765.754263,770.203045,770.203045,112000000
wide,2000000,2000000,128,132,34,sort_workload_ascending,3,708.941929,709.577704,709.577704,112000000
wide,2000000,2000000,128,132,34,sorted_selected_unchanged_key,100,0.000030,0.000030,0.000231,112000000
wide,2000000,2000000,128,132,34,sorted_selected_cross_dataset,30,0.197668,0.239741,0.346142,112000000
wide,2000000,2000000,128,132,34,sorted_unselected_unchanged_key,60,0.573075,0.650963,0.774769,112000000
wide,2000000,2000000,128,132,34,sorted_50_small_updates_and_render,30,25.959157,32.636942,32.951417,112000000
wide,2000000,2000000,128,132,34,sorted_50_cross_dataset_and_render,30,38.742894,40.042415,44.224565,112000000
max_viewport,2000000,2000000,128,500,200,render_selected,100,3.268251,3.447652,3.614824,112000000
max_viewport,2000000,2000000,128,500,200,update_unsorted_selected,100,0.000020,0.000030,0.000070,112000000
max_viewport,2000000,2000000,128,500,200,frame_100_flashing_rows,100,3.467612,3.654574,3.874105,112000000
max_viewport,2000000,2000000,128,500,200,sort_latency_ascending,3,732.963976,767.591661,767.591661,112000000
max_viewport,2000000,2000000,128,500,200,sort_workload_ascending,3,704.224493,727.623526,727.623526,112000000
max_viewport,2000000,2000000,128,500,200,sorted_selected_unchanged_key,100,0.000030,0.000030,0.000070,112000000
max_viewport,2000000,2000000,128,500,200,sorted_selected_cross_dataset,30,0.198700,0.330599,0.474997,112000000
max_viewport,2000000,2000000,128,500,200,sorted_unselected_unchanged_key,60,0.561377,0.585673,0.666957,112000000
max_viewport,2000000,2000000,128,500,200,sorted_50_small_updates_and_render,30,29.532728,31.230179,31.267365,112000000
max_viewport,2000000,2000000,128,500,200,sorted_50_cross_dataset_and_render,30,42.056164,43.422974,43.778571,112000000
external_virtual,100000000,50,9,132,34,render_selected,100,0.144208,0.207112,0.258510,2800
external_virtual,100000000,50,9,132,34,update_unsorted_selected,100,0.000020,0.000030,0.000031,2800
external_virtual,100000000,50,9,132,34,frame_100_flashing_rows,100,0.152069,0.174503,0.363509,2800
external_virtual,100000000,50,9,132,34,fetch_virtual_page_and_render,100,0.147002,0.169186,0.231029,2800
external_virtual,100000000,50,9,132,34,external_50_updates_and_render,60,0.147492,0.162305,0.170838,2800
external_virtual,100000000,500,9,500,200,render_selected,100,1.386181,1.586063,2.068611,28000
external_virtual,100000000,500,9,500,200,update_unsorted_selected,100,0.000020,0.000030,0.000031,28000
external_virtual,100000000,500,9,500,200,frame_100_flashing_rows,100,1.433203,1.614956,2.656257,28000
external_virtual,100000000,500,9,500,200,fetch_virtual_page_and_render,100,1.405090,1.609168,1.720736,28000
external_virtual,100000000,500,9,500,200,external_50_updates_and_render,60,1.395745,1.563108,1.642548,28000
